t_test,log2_fold_changes,p_values,fdr,significance
-1.768410864604236,2.6822388038638296,0.12740386469798554,0.18148698674926714,ns
3.4718662166275234,-0.7795873000956757,0.01327353428914708,0.04828749401771595,*
0.32322774784177644,-0.4826136383014017,0.7574910633281884,0.8269553093102494,ns
1.9514363894729947,-0.536172177192209,0.09886189796499402,0.1475550715895433,ns
2.989755453717445,-0.4509884299741138,0.024327900102011333,0.06047407742600925,ns
0.3315712897820713,-0.7190971901065644,0.7514881905418664,0.8245166234131599,ns
4.0313253887425216,-0.8103854917991464,0.0068699468131042185,0.045961341868830184,*
4.089192231927612,-0.7308793032205596,0.006435118447040476,0.045961341868830184,*
3.723893875968422,-0.8046045440424372,0.009807136841974366,0.04675768794280785,*
-0.2904076522782656,0.3458172888643807,0.7812804265327327,0.8418970113499276,ns
3.9528233829541115,-0.7758993185685306,0.007513280403637491,0.045961341868830184,*
-0.3291292674823234,0.3791417090253031,0.7532431877738299,0.8245166234131599,ns
1.0684422406639156,-1.2474014446619766,0.3264107037863246,0.4115559990276418,ns
-0.8570797037206951,0.7172816466043077,0.4243055577509315,0.5212598989569183,ns
0.0982935932746549,-0.29601132833770905,0.9249006847893955,0.9457062216660486,ns
-0.31052570964163845,0.43660811105144326,0.7666652755923976,0.8315241600785224,ns
1.9212496350988275,-0.49390293797035767,0.10308735984153858,0.15241835653644492,ns
1.9175679294290977,-2.197549659575981,0.10361494475718798,0.15241835653644492,ns
7.588411981621697,-0.7889351533048163,0.0002724340775428458,0.02270283979523715,*
4.253088187648454,-0.666280082833838,0.005361874166733338,0.04495441945426961,*
0.46034789572751544,-0.7438568184809922,0.661478273174138,0.7585760013464885,ns
1.753470312498583,-0.5295083702613805,0.13006477924667015,0.18475110688447463,ns
0.24889855967783547,-0.08145980184879775,0.8117401951610278,0.8653946643507759,ns
0.15816819057708895,-0.3907520276896479,0.8795133530130406,0.9199930470847705,ns
1.956499727470242,-1.5617973610806217,0.09817036396323343,0.14696162269945126,ns
3.2258174290326016,-0.5362750175856528,0.018004927969172187,0.0523525144856937,ns
4.172860441383157,-0.6724292378620245,0.005859849436385935,0.04507576489527642,*
2.169625882801446,-0.6826086318768851,0.07309965932471393,0.11677261872957498,ns
3.997023260317288,-0.750056794699896,0.007143162598295471,0.045961341868830184,*
3.269210748185005,-0.8358902676529372,0.01705105915359892,0.05105107531017641,ns
2.993131479331471,-0.8112926126964739,0.02422203672850423,0.06047407742600925,ns
5.374259791528881,-0.918012704669195,0.0017048999144427006,0.03603111631070749,*
1.4498490147850187,-0.48940390597315986,0.19728263766623858,0.2589010992995257,ns
0.4306810294499918,-0.9633841421705123,0.6817417941801468,0.7677272456983636,ns
-0.06722546590199766,0.0722289987948681,0.9485863953723492,0.9638092554202385,ns
3.2889721732558668,-0.5318449321934047,0.016635135073303338,0.05039175146877898,ns
3.208736442703144,-0.6119389065237026,0.01839629611426032,0.0523525144856937,ns
1.1574270441313228,-0.3182209163824865,0.29108834841553544,0.37034141019788225,ns
2.789906451063606,-0.6371799029524343,0.031581423346838014,0.0660699233197448,ns
1.6671401959441072,-2.058040504769682,0.14653389086255056,0.20295552751045784,ns
0.10206803268164012,-0.04083777978256542,0.9220283346525596,0.9457062216660486,ns
1.6650054691736351,-0.37426843305255453,0.14696570231767558,0.2029913015437508,ns
4.696696244102851,-0.8333517227369125,0.003337574384486634,0.041719679806082925,*
3.733817848439534,-0.6380595486071048,0.009692895140267947,0.04675768794280785,*
2.4332756733559973,-0.6061923184341271,0.05093508446040094,0.08842896607708496,ns
4.014036576282595,-0.6593909112202816,0.007006163344490076,0.045961341868830184,*
2.221812512623627,-0.59164342884592,0.068028016617945,0.11043509191224837,ns
3.0722332508832064,-0.47099979890838384,0.021879403170813664,0.05850107799682798,ns
3.3098700481908807,-0.4943076460694442,0.016207362476215893,0.050166947923961674,ns
3.960504154454252,-0.8107600002999344,0.007447454792243408,0.045961341868830184,*
1.776492569283178,-0.4148580915132669,0.12598681649770135,0.1804968717732111,ns
-0.4529633153220317,0.5401713784872033,0.6664938197006132,0.7608376937221611,ns
2.382439782923438,-0.499968921200173,0.054586149314810706,0.09271304846017903,ns
0.9187987951993796,-1.2949749405519722,0.39363768288627754,0.48597244800775,ns
4.041990246103198,-0.7177818347306353,0.006787397331522632,0.045961341868830184,*
0.45725917948532685,-0.8767352783176348,0.6635737832360433,0.7592377382563426,ns
0.23561472126264882,-0.3268703909719477,0.8215678548592176,0.8704690174852405,ns
3.4254915195266245,-0.6748339072115819,0.014048688490254283,0.04856874777432428,*
2.594290448422822,-0.49690086295277247,0.04097513529640181,0.07940917693101125,ns
3.5832653912393733,-0.6340378782163949,0.011597436451502581,0.04792329112191149,*
1.0316960392556567,-1.1388386101059975,0.3419956968988524,0.4285660362141007,ns
3.2844146727118457,-0.5946972971646218,0.01673006148763462,0.05039175146877898,ns
0.8299694653802011,-0.36332126117349706,0.43832437917678446,0.5358488742992475,ns
3.604493044939154,-0.836954179842607,0.011305376129902478,0.047727757982175274,*
-1.1709963674680917,1.1434667606296105,0.285996264372391,0.3666618774005013,ns
3.9540983127685694,-0.7730878372229206,0.007502309209804557,0.045961341868830184,*
5.39188911312173,-0.8402307864541338,0.001676687671058827,0.03603111631070749,*
3.1959730715695778,-0.6620489738136346,0.018694810211276502,0.05281019833693928,ns
2.565950510947973,-0.648488830948871,0.04256633095468745,0.08008123737866434,ns
1.1680114356043492,-0.9544674581347081,0.28710983984331034,0.36714813279195696,ns
2.0729141450042494,-0.4991520508157947,0.08354986515386459,0.13013997687517848,ns
1.9913788340866874,-0.40792627885840993,0.09353713178556862,0.14181078764527652,ns
2.869489822693635,-0.5138565956003287,0.028446073647718687,0.06378043418771005,ns
-0.14143707201804656,0.45129165030872764,0.8921540323314898,0.9254709878957365,ns
-0.9826843892874233,0.8236338088745878,0.3637123859088642,0.45464048238608024,ns
0.15152100241112135,-0.5557598460717479,0.8845310053967074,0.9213864639549035,ns
2.197200377704999,-2.297054164073246,0.07037309063818117,0.11377179138706038,ns
0.6136997083124892,-1.5044260308645598,0.5619431227266771,0.6673908820981913,ns
4.342674244532194,-0.7336296649825034,0.004861140886276835,0.04495441945426961,*
3.2115105242634083,-0.6091953343081684,0.018332106951112002,0.0523525144856937,ns
2.516776107427714,-1.8673104155746154,0.045484770765254035,0.08237233740729147,ns
5.12930175023757,-0.73871676862675,0.00215848244786899,0.03603111631070749,*
2.9861111793015724,-0.5976148458644976,0.024442738416839926,0.06047407742600925,ns
3.2073665261252624,-0.6466503106182335,0.018428085098964184,0.0523525144856937,ns
4.508245784318686,-0.9159750750424571,0.004068075540254735,0.04403645074918543,*
1.770490312338922,-0.5630016702317926,0.12703776751692764,0.18148252502418233,ns
2.5597429114970116,-0.5107570032847981,0.042923543234964084,0.08008123737866434,ns
2.5980193024159774,-0.6969508235736521,0.040770521213662404,0.07940917693101125,ns
3.341608224203855,-0.7066925696852007,0.015580606666588927,0.050166947923961674,ns
3.3029374207820035,-0.573868585353166,0.016347918112077805,0.050166947923961674,ns
2.1244698339766717,-0.4568421436116008,0.07780146346291286,0.12232934506747306,ns
0.05161065500032744,-0.061326635238091676,0.9605142711922569,0.971598937104341,ns
5.476309085301812,-0.8995173839501085,0.0015487478019165603,0.03603111631070749,*
1.6049083771663921,-0.38304122345229974,0.15963622611948106,0.21867976180750828,ns
0.4045557512049803,-0.537725080080067,0.6998311283006189,0.7863271104501336,ns
0.9445376374713556,-1.2032759742750887,0.38135937684095744,0.47432758313551915,ns
3.816029898378714,-0.5972230878643661,0.008801388461853889,0.04675768794280785,*
0.950520860052571,-0.9985478104035748,0.3785481193278001,0.47200513631895274,ns
3.699057006445139,-0.6828943399695326,0.010099660595646496,0.04675768794280785,*
4.712281794784094,-0.6710397357927746,0.0032841216443306176,0.041719679806082925,*
2.3976229377826486,-0.5763662859480352,0.05346778232664289,0.09211318362467129,ns
1.5050559990182462,-1.6249767904306545,0.18301519607308733,0.2420667840496542,ns
2.5292245583170394,-0.551727052825127,0.044726487549755466,0.08161767801050267,ns
-0.3812967360932416,0.8460317185437591,0.7161199594083956,0.8028250666013402,ns
0.5981240525491609,-0.206415477527651,0.5716280468197943,0.6770396782158747,ns
1.4054065788421446,-1.3397181566305676,0.20950772199346165,0.27350877544838337,ns
3.158409526978647,-0.8037571626034072,0.019604509280678944,0.05445697022410818,ns
1.7002892633362456,-0.4181218775974873,0.13998374222010085,0.19496342927590649,ns
2.5381282461452144,-0.5638397238835591,0.04419233963459152,0.08123591844594029,ns
1.7032716058520616,-0.440720709630698,0.1394085388810813,0.19470466324173363,ns
-0.5173640675717496,0.5281383923498844,0.6234144671390981,0.7249005431849979,ns
-1.529414896878516,3.391886487732931,0.1770312727269899,0.23604169696931987,ns
3.7063729536035255,-0.7002491098007457,0.010012500713832839,0.04675768794280785,*
3.540461015091832,-0.5289523822118909,0.01221208764465492,0.04803136370903339,*
4.639979808532032,-0.7433650255462521,0.0035405565941750428,0.04317751944115906,*
2.4018621505364313,-0.6491916663150601,0.05315983601934833,0.09197203463555075,ns
5.853361029576681,-2.7450003738237623,0.0010978126092845814,0.03603111631070749,*
3.2311365503384963,-0.6048349545557414,0.0178849210385938,0.0523525144856937,ns
2.790958136888966,-0.6294107344027804,0.031537645879626576,0.0660699233197448,ns
4.103507757800228,-0.5921719092661633,0.006332358193206838,0.045961341868830184,*
3.0166250098160914,-0.708475209273363,0.023499035803205275,0.06019613181506497,ns
5.131571827427397,-0.8661197300341463,0.0021536930483606965,0.03603111631070749,*
2.451712334450507,-0.6430003803480888,0.049675124681856135,0.08783071723583495,ns
2.911962163483263,-0.44927011321040666,0.02691152668199315,0.061723685050443004,ns
2.3931586737729362,-0.7083631517014197,0.05379409923680803,0.09211318362467129,ns
5.652575965916091,-0.8164809331803085,0.001315865855972198,0.03603111631070749,*
2.8630626974109727,-0.8550866196952125,0.02868640012032824,0.06403214312573269,ns
2.8080961266536577,-0.6305856991870549,0.030833373850167524,0.06588327745762292,ns
2.7643331572875214,-0.5255595026903315,0.03266627334631081,0.06721455421051607,ns
-0.447199691163737,0.5173788272948183,0.670421611997052,0.7635781457825193,ns
0.7694479194689626,-0.7099378914768,0.4708236884243201,0.5700044654047459,ns
0.6918854009457173,-1.0081686591065298,0.5148769893128724,0.6173585003751468,ns
0.12980881174104356,-0.4221722527525662,0.9009601594378158,0.932670972502915,ns
3.4839796837186934,-0.6181501886792145,0.013078911386064769,0.04828749401771595,*
1.5455634690904325,-0.38596847138402435,0.17316609696236449,0.2327501303257587,ns
0.2941835061642651,-0.3500768859182395,0.7785296911104425,0.8418970113499276,ns
0.8191601194555262,-0.8937663808274507,0.44400711901794176,0.5414720963633436,ns
3.7809065532447907,-0.6489055598910625,0.009170599388798995,0.04675768794280785,*
3.3477939574984124,-0.5245002844371793,0.015461579781184169,0.050166947923961674,ns
4.880245707233925,-0.6770808528455481,0.0027655403000506227,0.03737216621690031,*
3.1006793760915325,-0.5487308030420266,0.021098173651653868,0.057022090950415855,ns
0.35302553186674,-0.2731590867644549,0.7361408251222044,0.8125174670223007,ns
1.5667549798179625,-1.1067453359176875,0.16821455069830907,0.2285523786661808,ns
2.32106706944789,-0.49122069951186376,0.05936217768230954,0.09828175112965155,ns
3.8106844033797134,-0.7027928489116233,0.008856496772120933,0.04675768794280785,*
5.416794827227277,-0.7284996688409979,0.0016377320013247578,0.03603111631070749,*
3.2967109660179768,-0.6771226820741081,0.01647529713363379,0.05022956443181034,ns
1.1646359745441583,-1.196583397677136,0.28837356223359684,0.3678234212163225,ns
0.35691323038287215,-0.3854999052462098,0.7333737110406351,0.8119124242477666,ns
3.4532020899792615,-0.7054612465189924,0.013579687146086997,0.04828749401771595,*
-1.7149491718660201,6.000523259433003,0.13717828759273695,0.19266613425946202,ns
2.625299960526185,-0.7109992446292885,0.03930619172578215,0.07737439316098849,ns
6.8059703684650295,-0.7904281257608456,0.0004930523689261082,0.030815773057881763,*
3.593567734677232,-0.6050220016905694,0.011454661915722066,0.047727757982175274,*
0.4780652277994615,-0.5053940727542674,0.6495234042954098,0.748298852874896,ns
3.540380252664628,-0.7907815335768635,0.012213280876694398,0.04803136370903339,*
2.5619988471731325,-0.6290957546680822,0.042793360608693015,0.08008123737866434,ns
3.013398094598169,-0.5274683684579822,0.023596939917878146,0.06019613181506497,ns
-1.8241479919322978,4.16727934244153,0.11794057814887014,0.16996446606479768,ns
1.5337975876454408,-0.4767211872518713,0.17597432095253102,0.23525978736969388,ns
0.9346183723871322,-1.3827919928091141,0.386055670725998,0.47779167169059156,ns
2.010340187007653,-4.152213647390681,0.09111156311473678,0.13931431668919997,ns
2.721065767964002,-0.7044007480021,0.034593788097112145,0.07025719061620278,ns
3.3618931447657614,-0.592381988958854,0.015193998322460869,0.050166947923961674,ns
1.6574569219983681,-0.7639075049169128,0.148502474491553,0.2045488629360234,ns
3.976883553610465,-0.7150784906387919,0.007309220086376031,0.045961341868830184,*
1.5638256907037937,-1.7334851684468138,0.16889093716895917,0.22884950835902326,ns
1.3390102005567446,-0.42800301048493594,0.22906322547242375,0.2967140226326732,ns
4.109198139386167,-0.6165429324979002,0.006292022575841667,0.045961341868830184,*
0.3786902808084516,-0.45438613756471646,0.7179557715182413,0.80308251847678,ns
5.075547716995017,-0.7093773639209555,0.0022755035264190857,0.03603111631070749,*
3.0172124038766217,-0.5875826356299374,0.023481261841545684,0.06019613181506497,ns
4.286774211901471,-0.7570330037441906,0.005167088496346785,0.04495441945426961,*
4.981172519709532,-0.7218574773549289,0.0024988049383180364,0.037073297825101444,*
2.6585870586167135,-0.4226031868111946,0.037594889151659934,0.07518977830331987,ns
4.432162151495629,-0.5862736166616749,0.004412835658575055,0.04495441945426961,*
4.305378505037262,-0.8074912480817265,0.005062925688182815,0.04495441945426961,*
-1.910841387320658,1.9256862962507202,0.10458583663017655,0.1533516666131621,ns
3.044633380681811,-0.5759240727434047,0.022667561443119332,0.059651477481892985,ns
-1.5587755473217337,2.225760023212679,0.1700630848642873,0.2298149795463342,ns
2.154038888599109,-0.6142357537361738,0.07468875169384945,0.11893113327046091,ns
1.148945962111422,-1.3639789596269587,0.29430998483359894,0.37348982846903417,ns
2.8220321827131243,-0.557148445236944,0.03027314670565279,0.06539531777116436,ns
2.2610833317337127,-2.040324204958692,0.06445215681245056,0.1056592734630337,ns
1.8900294045938073,-0.514295797247863,0.10764771909386465,0.1573797062775799,ns
1.234912718265157,-1.6865596877676143,0.26302610891510536,0.3389511712823523,ns
1.5702898266236944,-0.3757480481125741,0.1674017529656442,0.2285523786661808,ns
0.5557866471879975,-0.6423474879799382,0.5984540869558207,0.7007659097843334,ns
1.5031687815178387,-0.42766146531565763,0.1834866223096379,0.2420667840496542,ns
0.472733509171827,-0.6381056882035683,0.6531092271887913,0.7507002611365416,ns
2.2267295107365603,-0.49611818516555317,0.06756927300228384,0.11004767589948508,ns
2.3499219926448873,-0.6218320491870566,0.05706452640769713,0.09542562944430959,ns
2.7456676252453858,-0.6146787016631379,0.03348330209126163,0.06861332395750333,ns
-0.7414737113378542,0.8713721714295382,0.48640356192907896,0.5860283878663602,ns
2.980937621850868,-0.7274082316720527,0.024606778023763064,0.06047407742600925,ns
3.926617311620477,-0.6606104172639897,0.007742806764834095,0.04608813550496485,*
1.9897005810024666,-0.5357955537234353,0.09375493375309744,0.14181078764527652,ns
3.939434650178038,-0.7468957167236301,0.0076295827502258105,0.045961341868830184,*
0.0649602535252404,-0.12617920547394368,0.9503159258443552,0.9638092554202385,ns
2.1348562163211553,-0.7016656718176773,0.07669322011152074,0.12135003182202649,ns
2.8086689145409123,-0.9004018830822726,0.030810129469383576,0.06588327745762292,ns
2.8008473086820027,-0.7197918725547332,0.031129173649116253,0.0659791607574182,ns
2.6281922706359904,-0.5126713249988528,0.039154255846533516,0.07737439316098849,ns
4.952917047426569,-0.6390732739687923,0.002570419927691457,0.037073297825101444,*
1.72969785538995,-0.627704805548329,0.13441101931351782,0.18983820193303538,ns
2.0654054911104325,-0.5076724917616957,0.08442250053631437,0.13109083934210305,ns
1.9401516741554088,-1.8912670371217617,0.10042078164443773,0.14943568697088946,ns
2.029754189761433,-4.046380652597875,0.08869397839951022,0.13645227446078498,ns
3.0194955093959437,-0.5845294712902538,0.02341231581534925,0.06019613181506497,ns
2.383099825990074,-0.5244202001052312,0.0545370256477735,0.09271304846017903,ns
0.0192779592533342,-0.02008560215325872,0.9852444526930909,0.9852444526930909,ns
3.5293533604993854,-0.7288585600590913,0.012377415015265047,0.04803136370903339,*
3.4651869721790978,-0.6397673618340143,0.013382212338543557,0.04828749401771595,*
2.582643300944586,-0.5646033909948986,0.04162130620949434,0.08004097347979681,ns
3.3544779954107056,-0.6730012652017843,0.015334086545025,0.050166947923961674,ns
2.284320042834496,-0.5007673831398591,0.06242857872790559,0.10267858343405524,ns
2.5546930609599605,-0.5520934462133429,0.04321647754150473,0.08014662095349769,ns
1.8240576636551,-0.5771944261064172,0.11795533944896959,0.16996446606479768,ns
4.943373924047717,-1.0821138571376308,0.002595130847757101,0.037073297825101444,*
1.6773870013033525,-4.781475830326139,0.14447815362161176,0.20066410225223855,ns
-0.5374765109052692,0.5001024777793504,0.6102773922150351,0.7129408787558821,ns
3.3128539358258466,-0.6842837746647099,0.01614727434601044,0.050166947923961674,ns
1.5430029148689115,-1.6917196558463319,0.17377362001093177,0.23294050939803188,ns
-1.8262195599497009,4.952754168538647,0.11760254639516686,0.16996446606479768,ns
0.5104831661999759,-0.5905192204353131,0.6279443829613787,0.7267874802793735,ns
0.37178982098843927,-0.5424271982481077,0.7228259365496776,0.8041834873599892,ns
1.5273993243513193,-1.8764388611843472,0.17751935880133,0.23606297712942817,ns
2.562166547864974,-0.7711091938611414,0.04278369988327018,0.08008123737866434,ns
3.6892127330790876,-0.6140577821222895,0.010218273939431454,0.046872816235924104,*
1.7088002040764805,-0.540662259040193,0.13834830017689642,0.19376512629817425,ns
-0.3142355386366147,0.397183719906387,0.7639814333574906,0.8304146014755331,ns
3.2224376743982464,-0.7464084541904619,0.018081637756578825,0.0523525144856937,ns
3.8252718009037627,-0.7990695341799938,0.008707008929717187,0.04675768794280785,*
0.10868498659629687,-0.37539543563819056,0.9169959674138708,0.9453566674369801,ns
1.3632643310434245,-1.331166456635156,0.221735909849996,0.2887186326171823,ns
3.767664986576073,-0.6801770082990348,0.009314237773181265,0.04675768794280785,*
3.1164278011771156,-0.8073689550785206,0.020678773353207735,0.056192318894586236,ns
2.9341524641507095,-0.7591101529647855,0.026145550143580963,0.060961160605373724,ns
2.330106956545761,-0.6040124543997605,0.05863214818991945,0.09743051773165422,ns
3.3644848685983977,-0.5063577970888513,0.015145367356061605,0.050166947923961674,ns
3.328704594836898,-0.668691043124884,0.015832153908235058,0.050166947923961674,ns
3.182082100654463,-0.8516795142471851,0.01902572737066492,0.053144489862192515,ns
3.6486536763814166,-0.7042034499257408,0.010723534322771061,0.047449266914916195,*
0.02647661988071371,-0.050469097603973445,0.9797358218491347,0.9817801501230707,ns
-1.9817690153831582,3.4221550986015905,0.09479122815598598,0.14275787372889456,ns
3.546981312294678,-0.8485129357349868,0.012116176715614237,0.04803136370903339,*
2.8888370599678677,-0.6170374464640531,0.02773564635677875,0.06275033112393383,ns
0.3560765887912262,-0.5513741264591578,0.733968831519981,0.8119124242477666,ns
3.318904887843682,-0.7114491648789896,0.016026172455180367,0.050166947923961674,ns
3.488618276537244,-0.6588657897336869,0.013005220228696338,0.04828749401771595,*
3.3380675352728533,-0.6016210350100053,0.015649189987239638,0.050166947923961674,ns
-1.4854785638242691,5.605657255760454,0.1879610875309762,0.24731722043549503,ns
3.9520483349444344,-0.5590250191246104,0.007519958701070297,0.045961341868830184,*
1.7498057549533366,-1.6995893994516607,0.13072569657223873,0.18516387616464408,ns
2.380903071069893,-0.675472511536741,0.05470069859150563,0.09271304846017903,ns
3.4825448132782943,-0.6692605681259369,0.013101799723844568,0.04828749401771595,*
2.4416023981461814,-0.4954605403760386,0.0503619249989922,0.08783071723583495,ns
2.989277968871556,-0.5593352927048656,0.024342913237498723,0.06047407742600925,ns
4.213000186203337,-0.6335087568709756,0.005604501175427873,0.04495441945426961,*
2.8202687484348696,-0.6379053023556729,0.030343427445820262,0.06539531777116436,ns
3.1282679100403996,-0.682423442513187,0.020369441235471984,0.05565421102587974,ns
3.5156877395005073,-0.7601426884449918,0.012584217291766748,0.04803136370903339,*
0.5951231861638852,-0.7017394024413228,0.573505493494167,0.6770396782158747,ns
0.4311473666876617,-0.4562156420695178,0.6814209476755579,0.7677272456983636,ns
3.764781381405833,-0.8352898901025725,0.009345848381270096,0.04675768794280785,*
5.486056874223009,-0.8107410686650471,0.001534704327157376,0.03603111631070749,*
2.1931590365548015,-0.5495339002634108,0.07076605424275156,0.11377179138706038,ns
3.526447906379246,-0.6460888449951412,0.012421067080394881,0.04803136370903339,*
4.479150814886309,-0.6295924047199897,0.00419619941441482,0.04403645074918543,*
4.191539212129109,-0.5777688213286538,0.005739436814288543,0.04495441945426961,*
3.8633187204149237,-0.7582997993578715,0.008330162198098979,0.04675768794280785,*
3.059647929796709,-0.7114484881887799,0.022235037333666968,0.05907961728188117,ns
3.133825656756237,-0.634768788752063,0.020225983868934254,0.05561313452436314,ns
2.607064961042865,-0.7945667057032431,0.04027865584598775,0.07897775656076028,ns
1.0391719875395908,-1.4422244585702924,0.3387768729101686,0.4255990865705636,ns
0.026371062059790996,-0.07308717864582626,0.9798165898228247,0.9817801501230707,ns
5.074915000936253,-0.6866971705851128,0.002276923169470037,0.03603111631070749,*
3.4509547377286163,-0.6800005203670061,0.013617073312995897,0.04828749401771595,*
3.82393108683763,-0.7404193795872693,0.00872063035484966,0.04675768794280785,*
3.223098990498529,-0.6193910714060813,0.018066599865260387,0.0523525144856937,ns
6.983548475191847,-0.7623288883595656,0.0004289230194365831,0.030637358531184506,*
1.5675519876434958,-2.024290400356845,0.16803096214508015,0.2285523786661808,ns
3.705613273691298,-0.684993460702854,0.010021512338610082,0.04675768794280785,*
3.7316154540376534,-0.8139374454951458,0.009718120229377597,0.04675768794280785,*
3.3435300655146327,-0.5297389051709445,0.015543518823475492,0.050166947923961674,ns
1.407101339584079,-0.6201769632870855,0.20902906978729796,0.27350877544838337,ns
2.790344176431319,-0.4325012878190666,0.0315631946683716,0.0660699233197448,ns
3.8551964058655535,-0.664533310148931,0.008409061100538361,0.04675768794280785,*
2.58816024136581,-0.6203141781772139,0.04131389378997528,0.07975655171809899,ns
0.5814359554934908,-1.0919883919106024,0.5821154512027206,0.6848417072973183,ns
0.9381147543367543,-1.3628610155887388,0.38439522207041105,0.4769171489707333,ns
2.7186041518113098,-0.6217642357676461,0.03470705216440417,0.07025719061620278,ns
2.7707979643355225,-0.6822711283916352,0.032388302436197974,0.06691798024007846,ns
2.1196805679380444,-0.41215857319503435,0.07831799708477988,0.12237187044496856,ns
6.170435517121078,-0.8646245547296623,0.0008322849281004836,0.03603111631070749,*
4.369318168222128,-0.7603147509307426,0.004722521789871692,0.04495441945426961,*
3.5164293967352096,-0.7261149535064071,0.012572896337020469,0.04803136370903339,*
4.147639468208773,-0.6986343032274727,0.006026954598588707,0.04565874695900536,*
5.316629620736467,-0.5825129043498398,0.0018009658205726407,0.03603111631070749,*
2.8401210411902733,-0.6461357145269666,0.029562255475494553,0.06511510016628755,ns
-0.4398719794308602,0.422707397152962,0.6754318120805846,0.7675361500915734,ns
0.2050424910498446,-0.2657696737419375,0.8443180882044,0.8906308947303798,ns
7.92058326132074,-0.8360287366218309,0.0002150371206907228,0.02150371206907228,*
3.423392387896267,-0.6393999672339996,0.014084936854554043,0.04856874777432428,*
2.947478151250183,-0.5304448868403906,0.02569692238298737,0.060961160605373724,ns
2.722662104417754,-0.48623163076529075,0.034520548835732245,0.07025719061620278,ns
1.6230744111119921,-1.9576653562696817,0.15569980933941097,0.21387336447721286,ns
3.4628333042675137,-0.705770516008041,0.01342074244034614,0.04828749401771595,*
0.2907924729465164,-0.9637871362634725,0.7809999224624093,0.8418970113499276,ns
4.509239042661663,-0.6264028640774821,0.004063780067588103,0.04403645074918543,*
3.5939968186500995,-0.6389879379741714,0.01144875782080163,0.047727757982175274,*
2.365848128593058,-0.6449886485983827,0.05583631823352054,0.09400053574666759,ns
2.045439638039563,-0.5419562177152031,0.08678825737858333,0.13434714764486583,ns
-4.710287311873971,1.5648860962745434,0.0032909077137393645,0.041719679806082925,*
3.026027144729461,-0.5816664622009551,0.023216282196528118,0.06019613181506497,ns
0.7886944034430476,-0.9087192230701557,0.46030888413709725,0.5599864770524298,ns
2.8286002736673868,-0.5396223816307364,0.030012916029595042,0.0653098378532901,ns
0.17187779483695872,-0.21652458710523703,0.8691842329894206,0.9110945838463529,ns
3.3226139870010116,-0.741873305658757,0.015952432831557235,0.050166947923961674,ns
4.189230953303845,-0.7080717340701677,0.005754165690146511,0.04495441945426961,*
3.6574814251712096,-0.720492321245727,0.01061124854890122,0.0474450156485943,*
2.9695311685388157,-0.5951509314429568,0.024972676991511285,0.060792797926480714,ns
6.073233630392286,-0.7838753416589501,0.0009049644721774117,0.03603111631070749,*
3.302618066072286,-0.603711887805332,0.016354425023211504,0.050166947923961674,ns
1.548587909999435,-0.29273635585702706,0.17245109077538615,0.2324138689695231,ns
2.9022098766479836,-0.6635238887212687,0.027255802646755936,0.06208637960282723,ns
0.1440678035724322,-0.17701894911525562,0.8901640547190117,0.9253264602068729,ns
8.194808638876522,-0.9196163034618206,0.00017799416334045241,0.02150371206907228,*
2.329844987307816,-0.6532561317847119,0.05865317167445584,0.09743051773165422,ns
3.566290723185455,-0.7753119379956299,0.0118369938387184,0.04803136370903339,*
2.5784392812014545,-0.4969013809424574,0.04185719066049694,0.08006043132323667,ns
3.664584666788161,-0.6980016979341865,0.010521844030170717,0.0474450156485943,*
4.514594072099875,-0.6400356185744602,0.004040709449089215,0.04403645074918543,*
-0.10006717062214499,0.1833394413262175,0.9235508341119347,0.9457062216660486,ns
0.04920146511604021,-0.1525144632512978,0.9623556918763483,0.971598937104341,ns
3.3396211563224614,-0.6744958947529085,0.0156190555182638,0.050166947923961674,ns
3.2220641526031795,-0.6167727401521415,0.018090137447959106,0.0523525144856937,ns
6.030487402950766,-0.7984010773968571,0.000939206812875794,0.03603111631070749,*
3.9555515665351852,-0.5303128677281448,0.007489825284092132,0.045961341868830184,*
5.062057209194788,-0.7743065175442432,0.0023059914438852795,0.03603111631070749,*
0.501745314949927,-1.3557553108094345,0.6337224591485827,0.731781130656562,ns
2.956399842286923,-0.5933066611471887,0.02540122101059842,0.060961160605373724,ns
2.3567754626728594,-0.4121898382827318,0.05653256832017737,0.09485330255063316,ns
0.699431088436985,-0.8033868792156689,0.510474311300984,0.6135508549290672,ns
3.795847451077732,-0.6053723695911444,0.009011477753577342,0.04675768794280785,*
3.2195299488634617,-0.5506322462492355,0.01814792021388334,0.0523525144856937,ns
5.142252909228794,-0.6944416477658812,0.0021313195036624763,0.03603111631070749,*
-0.3391927577595787,0.47935089235638273,0.7460214143405456,0.8216094871591911,ns
2.4822415239751514,-0.4196614351049881,0.04766038538455188,0.0854128770332471,ns
3.3560125963169627,-0.6765269167079708,0.015304978508618785,0.050166947923961674,ns
-0.24408228268126628,0.24202535554844395,0.8152991449021931,0.867339515853397,ns
-0.10411217762575914,0.19683745597276037,0.9204732742712404,0.9457062216660486,ns
3.553587952165293,-0.7228387920741639,0.01201984430035738,0.04803136370903339,*
2.1951596760497205,-0.5269904040791555,0.07057123825397922,0.11377179138706038,ns
3.7959616758901324,-0.7948663000432035,0.009010273140644455,0.04675768794280785,*
-0.43546764202805477,0.5613223442559843,0.67845201608451,0.7677272456983636,ns
-0.1982397317382228,0.2906323025301276,0.8494037100251078,0.8941091684474819,ns
0.8734227165269743,-0.19873925395760672,0.4160161062906166,0.5123351062692323,ns
2.8292770828526628,-0.6879897382121989,0.029986237679029745,0.0653098378532901,ns
2.576762554484862,-0.5215687491941008,0.041951666013376014,0.08006043132323667,ns
2.488031133285297,-0.570958406154733,0.04728812103342484,0.08505057739824612,ns
2.0265460446551415,-0.616467475901981,0.08908895402094469,0.13663950003212375,ns
4.413932883138866,-0.7946240751613374,0.0045002478108521395,0.04495441945426961,*
-0.09163604175262949,0.10153472572138966,0.92997008163447,0.9489490628923164,ns
2.7726608656663503,-0.6061913030527943,0.0323086740909825,0.06691798024007846,ns
4.25973073882722,-0.7143202363659658,0.005322820805424642,0.04495441945426961,*
2.5536169370320945,-0.43958948649408125,0.04327917531488875,0.08014662095349769,ns
3.8809951280717496,-0.7440872706682242,0.00816129118615069,0.04675768794280785,*
0.37046141041398045,-0.5979153433415245,0.7237651386239903,0.8041834873599892,ns
2.9447293741635807,-0.719928588369867,0.02578877733407104,0.060961160605373724,ns
0.7847488250605205,-0.8908326376407736,0.46245082850439445,0.5612267336218378,ns
2.8278498641445466,-0.5162122140828771,0.030042525412513447,0.0653098378532901,ns
-0.6234476400979679,0.7499154401054149,0.5559332263112315,0.6618252694181328,ns
2.800530671562884,-0.6430840759658318,0.03114216387750139,0.0659791607574182,ns
2.3933954067630743,-0.5104479689945425,0.05377674285795343,0.09211318362467129,ns
1.9290384908803524,-0.40505232044707284,0.1019800695961945,0.15130574124064466,ns
0.17924305452960762,-0.724642546554433,0.8636465977018737,0.9071918043086908,ns
3.7289789270547753,-0.6331120794816565,0.009748413589645066,0.04675768794280785,*
3.460311253861789,-0.6397241562083877,0.013462164838135482,0.04828749401771595,*
3.5441687213017117,-0.6975276835100939,0.012157446290915055,0.04803136370903339,*
0.4346256651984647,-0.7217573062661593,0.6790301364057523,0.7677272456983636,ns
3.4039706915999726,-0.7739550272998947,0.014425244452251004,0.049401522096750014,*
2.780442197604433,-0.5743255927231292,0.031978331488707816,0.06662152393480796,ns
1.0675659867679013,-1.1784338300580757,0.3267754632279476,0.4115559990276418,ns
0.2722758904769893,-0.9010809291585238,0.7945372103533825,0.8506822380657202,ns
23.21365272832736,-3.4073798285930685,4.190037142529103e-07,0.00020950185712645514,***
2.8484478472655437,-0.6391547658260581,0.029241072469817844,0.0646926382075616,ns
3.4667866796481603,-0.6981899495366388,0.013356094390331641,0.04828749401771595,*
-0.5236854179738564,0.6546009588006072,0.6192687594307573,0.7217584608750086,ns
2.3004830522095467,-0.520849650989053,0.06106002058171888,0.10075910987082323,ns
4.60334249665271,-0.7044309653667415,0.0036790801202588185,0.04379857286022403,*
0.7476732696610785,-0.9806385864290803,0.482920568203428,0.5832374012118696,ns
5.161918324197407,-0.5967179768971249,0.002090813437504324,0.03603111631070749,*
2.9451357043453235,-0.5583664772051575,0.025775176784023923,0.060961160605373724,ns
-1.5114631811606172,3.9972030080306755,0.18142312255816853,0.24061422089942777,ns
3.9802793977512736,-0.7375121691128808,0.00728092070117837,0.045961341868830184,*
0.10946540962619135,-0.12562480126313247,0.9164027080157915,0.9453566674369801,ns
0.6257463513134723,-0.6551253144247156,0.5545218022797597,0.6617205277801428,ns
2.5658413179632937,-0.645539451445039,0.04257258708515285,0.08008123737866434,ns
4.244710498843373,-0.6540409925387021,0.00541158829082276,0.04495441945426961,*
1.2577945176457876,-1.5067715156754957,0.2552016464977766,0.3297178895320111,ns
2.129171580195097,-0.4969627379616064,0.07729776159588533,0.12192075961496109,ns
2.44082961847687,-0.5994722071456096,0.050414831693369265,0.08783071723583495,ns
2.913739455401907,-0.5836531986826596,0.026849292260369684,0.061723685050443004,ns
5.631113557998166,-0.7298966999087142,0.0013419694221860608,0.03603111631070749,*
5.098558025229164,-0.7249679371767463,0.0022245508622713377,0.03603111631070749,*
2.533151825239843,-0.40083096623278003,0.04449004651180548,0.0814836016699734,ns
1.9887483454380384,-0.40401014515574474,0.09387874142117304,0.14181078764527652,ns
-16.426993879119497,2.534352263350561,3.242482981813673e-06,0.0008106207454534182,***
2.9004620149569873,-0.6878158449298688,0.02731800702524398,0.06208637960282723,ns
3.7767940762584766,-0.6259387213505434,0.009214944219277836,0.04675768794280785,*
3.443282446576115,-0.6542164581770908,0.013745564279833996,0.048399874224767596,*
2.5955877699005057,-0.521059114972406,0.04090382364829532,0.07940917693101125,ns
0.6614602322997724,-0.8382768594838774,0.5328808280019639,0.637417258375555,ns
3.036431095564958,-0.6096869563295391,0.022907700443942185,0.05996780220927273,ns
0.32862165627731466,-0.43201351027619417,0.7536081937996282,0.8245166234131599,ns
0.8336650641446166,-1.17472642942999,0.43639369056207605,0.534796189414309,ns
4.338066206962597,-0.8321816176136165,0.004885575962050092,0.04495441945426961,*
0.5566646456307504,-1.103086683158329,0.5978904574965802,0.7007659097843334,ns
2.3742157717258476,-0.5321897628029344,0.05520211998555032,0.09324682429991608,ns
1.8789286285982778,-4.5915122353207884,0.10931727003812527,0.15889138086936813,ns
0.31990283832080424,-0.34701750844897594,0.7598884174402961,0.8277651606103443,ns
4.475505756133297,-0.8958591994765781,0.004212569048313914,0.04403645074918543,*
3.6561828797334934,-0.6743641137723859,0.010627683505285123,0.0474450156485943,*
2.459475586078696,-0.5349624370016031,0.04915443546299875,0.0874634082971508,ns
3.009451675068427,-0.5400533138242878,0.023717275935135597,0.06019613181506497,ns
1.9695888696469632,-0.5868950206482566,0.09640514609891768,0.1447524716199965,ns
4.22956073441909,-0.6309032131074108,0.00550280785251185,0.04495441945426961,*
3.9406155283251247,-0.7541863339942463,0.007619244572391197,0.045961341868830184,*
1.8014077168524008,-0.6512195998852333,0.12171490059385774,0.17487773073830135,ns
-0.2726387757671429,0.9018894527411052,0.7942711352000336,0.8506822380657202,ns
3.613857987523075,-0.673733998366778,0.011179125045755748,0.047727757982175274,*
2.520794505994909,-0.7152565647103222,0.04523851946563399,0.08225185357387997,ns
3.1876436040592067,-0.5500752888987517,0.018892476391135324,0.0530687539076835,ns
2.9321616203670304,-0.6246916324885241,0.0262132990603107,0.060961160605373724,ns
0.047277863136102306,-0.11530389079636372,0.9638261456075062,0.971598937104341,ns
2.1831420169797306,-0.44970634989351144,0.07174984651548622,0.11498372839020228,ns
2.000057861459873,-5.415261215884081,0.09241890138473434,0.14088247162307063,ns
1.7276868103681502,-2.132494612791678,0.13478512337245513,0.18983820193303538,ns
-0.02859973621594744,0.07528281998480679,0.9781113685284469,0.9817801501230707,ns
-0.37079728656629574,0.48307423871147215,0.7235276203209491,0.8041834873599892,ns
2.4420543250088853,-3.640227772388573,0.05033101186131453,0.08783071723583495,ns
2.4676891877041207,-0.9320860113970006,0.048609792806740056,0.08680320144060724,ns
4.472195099750646,-0.7607924562403241,0.004227499271921801,0.04403645074918543,*
4.881188019628977,-0.8454754127884723,0.0027629051703258398,0.03737216621690031,*
2.9363307340358418,-0.5991128479719858,0.026071639987476088,0.060961160605373724,ns
4.322765841671274,-0.8630396428101337,0.004967705025476918,0.04495441945426961,*
3.733837484397735,-0.7920814544541379,0.009692670567494791,0.04675768794280785,*
3.0009524488108275,-1.0370260353577523,0.02397870587461283,0.06047407742600925,ns
3.625818643014201,-0.5465235764866829,0.011020145540426662,0.047727757982175274,*
0.5941268612509789,-1.3594046064117533,0.5741296471270617,0.6770396782158747,ns
5.181626305961905,-0.791075842005478,0.00205109466911084,0.03603111631070749,*
2.978846393551234,-0.547835758161435,0.024673423589811772,0.06047407742600925,ns
2.642199542300352,-0.6429788500988032,0.03842723657021233,0.07624451700438956,ns
3.1331571520640273,-0.6398265250676225,0.020243180966868182,0.05561313452436314,ns
2.5143476606979975,-0.4762032307516062,0.04563427492363947,0.08237233740729147,ns
3.5937632814335636,-0.49084975752263915,0.011451970820318753,0.047727757982175274,*
1.9173623580588603,-0.4387088555709351,0.10364448244478254,0.15241835653644492,ns
2.9163944684411334,-0.6282804521299266,0.02675661270634862,0.061723685050443004,ns
0.28603263125350586,-0.2932640861993878,0.7844719993416759,0.843518278862017,ns
3.832530551801988,-0.6759676237040217,0.00863367129135683,0.04675768794280785,*
2.683818636788017,-0.5657285824733851,0.03635071700621662,0.07299340764300527,ns
1.358026717428107,-1.750701802935212,0.22330007492805987,0.29000009730916865,ns
0.25105442736236944,-0.2743372494432048,0.8101487237043252,0.8653946643507759,ns
6.063997592236341,-0.6769028017677847,0.0009122404568522294,0.03603111631070749,*
0.22518434215374708,-0.23723745919973904,0.8293095235496818,0.876648544978522,ns
2.5649516481751236,-0.45540076224950177,0.04262359640368051,0.08008123737866434,ns
0.06994686872882128,-0.1258242228029749,0.9465089621605695,0.9638092554202385,ns
2.0370381288928012,-2.2894516882192697,0.08780378376912729,0.1354996663103816,ns
3.761189012448337,-0.6106759844435778,0.009385395532078965,0.04675768794280785,*
2.6878458925275983,-0.6562250434229178,0.03615623479998798,0.07289563467739513,ns
5.734786821073502,-1.0371709256460226,0.0012210984060750446,0.03603111631070749,*
2.4467400519970965,-4.566246070577596,0.05001166795333833,0.08783071723583495,ns
1.087215371968226,-0.3776252076181241,0.3186761546785716,0.40338753756781215,ns
3.9782661859935375,-0.6414148963738096,0.007297683071782435,0.045961341868830184,*
1.1918873085596322,-1.4292625936638803,0.27830550532428305,0.35771915851450264,ns
4.365154027195359,-0.5570107308344472,0.004743890288031923,0.04495441945426961,*
2.954239909155563,-0.6566314430839615,0.025472470521002415,0.060961160605373724,ns
0.1522237648995581,-0.16159373683271316,0.8840002406073599,0.9213864639549035,ns
0.23540574062061048,-0.3501489515565259,0.821722752506067,0.8704690174852405,ns
3.4374679877138985,-0.4832384880625682,0.013843831555757628,0.04840500543971199,*
2.1208526999687307,-0.7709295584178095,0.07819125635379479,0.12237187044496856,ns
2.855064133467894,-0.6687235200817643,0.02898854818401413,0.06441899596447585,ns
2.647366249075939,-0.6193879746846562,0.03816271122896208,0.07602133710948622,ns
3.7025108460813776,-0.6443174875983129,0.010058408142716585,0.04675768794280785,*
1.8875617538520042,-3.984406020533215,0.1080166427580568,0.15745866291261923,ns
2.547573268305211,-0.5966755694271466,0.04363309035957521,0.08050385675198378,ns
2.445356828068445,-0.8942554498346347,0.050105715771663645,0.08783071723583495,ns
3.0828891694769234,-0.8035709404958018,0.021583126041100745,0.05801915602446436,ns
2.234253231912455,-0.7173664208227146,0.0668735102608075,0.10927044160262663,ns
2.877117397246482,-0.5187317840980512,0.0281636732968291,0.06343169661447996,ns
2.1404375789130277,-0.4939846102762111,0.07610437528727591,0.12080059569408874,ns
3.056251209889739,-0.5250802714320493,0.022332095332551084,0.05907961728188117,ns
5.152349993399629,-0.7944683822184615,0.0021104116676385907,0.03603111631070749,*
2.9326871953145623,-0.6266874984449471,0.026195395184637992,0.060961160605373724,ns
2.967247692004563,-0.6713119163380057,0.025046632745710055,0.060792797926480714,ns
3.616179885621666,-0.7091141417481506,0.01114806504136415,0.047727757982175274,*
0.5107300700531211,-0.5375214059825755,0.6277815290776709,0.7267874802793735,ns
12.332733251967639,-3.172035660478313,1.733078849677754e-05,0.002888464749462923,**
3.3346694666365346,-0.7804882478310393,0.01571532274028635,0.050166947923961674,ns
